Label,# Samples,Average,Median,90% Line,95% Line,99% Line,Min,Max,Error %,Throughput,Received KB/sec,Sent KB/sec
/home/notice-72,100,15,16,19,22,24,11,24,0.000%,1.01056,3.54,0.51
/public/js/jquery-3.7.1.min.js-73,100,10,10,15,17,26,7,30,0.000%,1.01060,30.31,0.39
/2.0.7/js/dataTables.min.js-74,100,28,27,34,39,58,21,84,0.000%,1.01037,30.33,0.38
/home/download/1306-75,100,70,47,124,230,360,33,393,12.000%,1.01073,635.93,0.51
/favicon.ico-76,100,6,2,5,7,34,1,276,1.000%,1.01115,4.53,0.46
/home/notice-77,100,20,20,24,25,27,15,28,0.000%,1.01097,3.54,0.51
TOTAL,600,25,19,46,62,230,1,393,2.167%,6.05657,707.27,2.75
