{
  "/home/notice-77" : {
    "transaction" : "/home/notice-77",
    "sampleCount" : 50,
    "errorCount" : 3,
    "errorPct" : 6.0,
    "meanResTime" : 23.619999999999997,
    "medianResTime" : 21.0,
    "minResTime" : 16.0,
    "maxResTime" : 116.0,
    "pct1ResTime" : 24.0,
    "pct2ResTime" : 49.24999999999998,
    "pct3ResTime" : 116.0,
    "throughput" : 0.5160970675364623,
    "receivedKBytesPerSec" : 1.8058357353351018,
    "sentKBytesPerSec" : 0.2580485337682311
  },
  "/home/mission_vision-69" : {
    "transaction" : "/home/mission_vision-69",
    "sampleCount" : 150,
    "errorCount" : 0,
    "errorPct" : 0.0,
    "meanResTime" : 9.033333333333339,
    "medianResTime" : 8.0,
    "minResTime" : 6.0,
    "maxResTime" : 25.0,
    "pct1ResTime" : 11.0,
    "pct2ResTime" : 12.449999999999989,
    "pct3ResTime" : 24.49000000000001,
    "throughput" : 1.52519624191646,
    "receivedKBytesPerSec" : 4.508563500274535,
    "sentKBytesPerSec" : 0.7745137165982023
  },
  "/moodle/lib/ajax/service.php?sesskey=WmvrJeeMTA&info=core_course_get_enrolled_courses_by_timeline_classification-11" : {
    "transaction" : "/moodle/lib/ajax/service.php?sesskey=WmvrJeeMTA&info=core_course_get_enrolled_courses_by_timeline_classification-11",
    "sampleCount" : 250,
    "errorCount" : 1,
    "errorPct" : 0.4,
    "meanResTime" : 9.520000000000003,
    "medianResTime" : 9.0,
    "minResTime" : 6.0,
    "maxResTime" : 33.0,
    "pct1ResTime" : 12.0,
    "pct2ResTime" : 13.0,
    "pct3ResTime" : 25.470000000000027,
    "throughput" : 2.541089415854365,
    "receivedKBytesPerSec" : 1.7519620386652166,
    "sentKBytesPerSec" : 2.111784270402407
  },
  "/home/mission_vision-66" : {
    "transaction" : "/home/mission_vision-66",
    "sampleCount" : 150,
    "errorCount" : 2,
    "errorPct" : 1.3333334,
    "meanResTime" : 9.013333333333337,
    "medianResTime" : 8.0,
    "minResTime" : 6.0,
    "maxResTime" : 44.0,
    "pct1ResTime" : 9.900000000000006,
    "pct2ResTime" : 10.0,
    "pct3ResTime" : 43.49000000000001,
    "throughput" : 1.5251497188640686,
    "receivedKBytesPerSec" : 4.5084259755874365,
    "sentKBytesPerSec" : 0.7744900916106597
  },
  "/moodle/theme/image.php/classic/core/1731384351/t/collapsed-5" : {
    "transaction" : "/moodle/theme/image.php/classic/core/1731384351/t/collapsed-5",
    "sampleCount" : 250,
    "errorCount" : 0,
    "errorPct" : 0.0,
    "meanResTime" : 3.2440000000000007,
    "medianResTime" : 3.0,
    "minResTime" : 1.0,
    "maxResTime" : 27.0,
    "pct1ResTime" : 4.0,
    "pct2ResTime" : 4.449999999999989,
    "pct3ResTime" : 13.430000000000064,
    "throughput" : 2.5407536891743567,
    "receivedKBytesPerSec" : 2.0941368297491767,
    "sentKBytesPerSec" : 1.35721901169763
  },
  "Home-0" : {
    "transaction" : "Home-0",
    "sampleCount" : 150,
    "errorCount" : 0,
    "errorPct" : 0.0,
    "meanResTime" : 2.2266666666666666,
    "medianResTime" : 2.0,
    "minResTime" : 1.0,
    "maxResTime" : 24.0,
    "pct1ResTime" : 3.0,
    "pct2ResTime" : 3.0,
    "pct3ResTime" : 14.820000000000164,
    "throughput" : 1.5286312635666024,
    "receivedKBytesPerSec" : 0.7434163762267266,
    "sentKBytesPerSec" : 0.180629280167538
  },
  "Home-1" : {
    "transaction" : "Home-1",
    "sampleCount" : 150,
    "errorCount" : 0,
    "errorPct" : 0.0,
    "meanResTime" : 20.013333333333335,
    "medianResTime" : 19.0,
    "minResTime" : 15.0,
    "maxResTime" : 46.0,
    "pct1ResTime" : 24.0,
    "pct2ResTime" : 27.0,
    "pct3ResTime" : 46.0,
    "throughput" : 1.5284443493412405,
    "receivedKBytesPerSec" : 82.19418455583407,
    "sentKBytesPerSec" : 0.17911457218842664
  },
  "/moodle/lib/ajax/getnavbranch.php-3" : {
    "transaction" : "/moodle/lib/ajax/getnavbranch.php-3",
    "sampleCount" : 250,
    "errorCount" : 12,
    "errorPct" : 4.8,
    "meanResTime" : 19.800000000000015,
    "medianResTime" : 19.0,
    "minResTime" : 13.0,
    "maxResTime" : 53.0,
    "pct1ResTime" : 23.0,
    "pct2ResTime" : 29.14999999999992,
    "pct3ResTime" : 43.88000000000011,
    "throughput" : 2.540030886775583,
    "receivedKBytesPerSec" : 3.4007640095403557,
    "sentKBytesPerSec" : 1.6396097814049417
  },
  "/moodle/lib/ajax/getnavbranch.php-6" : {
    "transaction" : "/moodle/lib/ajax/getnavbranch.php-6",
    "sampleCount" : 250,
    "errorCount" : 9,
    "errorPct" : 3.6,
    "meanResTime" : 21.096,
    "medianResTime" : 19.0,
    "minResTime" : 15.0,
    "maxResTime" : 234.0,
    "pct1ResTime" : 22.900000000000006,
    "pct2ResTime" : 24.0,
    "pct3ResTime" : 61.350000000000136,
    "throughput" : 2.540443866352329,
    "receivedKBytesPerSec" : 3.4013169343447687,
    "sentKBytesPerSec" : 1.6795707983598893
  },
  "Notice" : {
    "transaction" : "Notice",
    "sampleCount" : 150,
    "errorCount" : 3,
    "errorPct" : 2.0,
    "meanResTime" : 17.453333333333337,
    "medianResTime" : 17.0,
    "minResTime" : 11.0,
    "maxResTime" : 54.0,
    "pct1ResTime" : 21.0,
    "pct2ResTime" : 22.0,
    "pct3ResTime" : 50.430000000000064,
    "throughput" : 1.5284910736121302,
    "receivedKBytesPerSec" : 35.01946199024823,
    "sentKBytesPerSec" : 0.18956871713744192
  },
  "/home/notice-72" : {
    "transaction" : "/home/notice-72",
    "sampleCount" : 50,
    "errorCount" : 0,
    "errorPct" : 0.0,
    "meanResTime" : 14.560000000000002,
    "medianResTime" : 15.0,
    "minResTime" : 10.0,
    "maxResTime" : 19.0,
    "pct1ResTime" : 16.9,
    "pct2ResTime" : 17.89999999999999,
    "pct3ResTime" : 19.0,
    "throughput" : 0.5152302048555294,
    "receivedKBytesPerSec" : 1.802802562497424,
    "sentKBytesPerSec" : 0.25761510242776475
  },
  "/moodle/theme/image.php/classic/block_myoverview/1731384351/courses-14" : {
    "transaction" : "/moodle/theme/image.php/classic/block_myoverview/1731384351/courses-14",
    "sampleCount" : 250,
    "errorCount" : 1,
    "errorPct" : 0.4,
    "meanResTime" : 3.632,
    "medianResTime" : 3.0,
    "minResTime" : 2.0,
    "maxResTime" : 37.0,
    "pct1ResTime" : 4.0,
    "pct2ResTime" : 5.0,
    "pct3ResTime" : 20.330000000000155,
    "throughput" : 2.542355645046474,
    "receivedKBytesPerSec" : 3.217668863261944,
    "sentKBytesPerSec" : 1.3109021294770882
  },
  "/moodle/course/index.php-2" : {
    "transaction" : "/moodle/course/index.php-2",
    "sampleCount" : 250,
    "errorCount" : 250,
    "errorPct" : 100.0,
    "meanResTime" : 39.91200000000003,
    "medianResTime" : 38.0,
    "minResTime" : 31.0,
    "maxResTime" : 98.0,
    "pct1ResTime" : 45.0,
    "pct2ResTime" : 50.0,
    "pct3ResTime" : 79.90000000000009,
    "throughput" : 2.5396696397732583,
    "receivedKBytesPerSec" : 20.145572276458278,
    "sentKBytesPerSec" : 1.2871958428147667
  },
  "Home" : {
    "transaction" : "Home",
    "sampleCount" : 150,
    "errorCount" : 7,
    "errorPct" : 4.6666665,
    "meanResTime" : 22.573333333333323,
    "medianResTime" : 21.0,
    "minResTime" : 16.0,
    "maxResTime" : 50.0,
    "pct1ResTime" : 27.900000000000006,
    "pct2ResTime" : 30.44999999999999,
    "pct3ResTime" : 48.98000000000002,
    "throughput" : 1.528350909368791,
    "receivedKBytesPerSec" : 82.93243972566101,
    "sentKBytesPerSec" : 0.35969977456824087
  },
  "/favicon.ico-76" : {
    "transaction" : "/favicon.ico-76",
    "sampleCount" : 50,
    "errorCount" : 0,
    "errorPct" : 0.0,
    "meanResTime" : 3.1399999999999997,
    "medianResTime" : 3.0,
    "minResTime" : 1.0,
    "maxResTime" : 11.0,
    "pct1ResTime" : 4.899999999999999,
    "pct2ResTime" : 10.449999999999996,
    "pct3ResTime" : 11.0,
    "throughput" : 0.5161983027399806,
    "receivedKBytesPerSec" : 2.312306264324503,
    "sentKBytesPerSec" : 0.23491055573909275
  },
  "Moodle" : {
    "transaction" : "Moodle",
    "sampleCount" : 150,
    "errorCount" : 150,
    "errorPct" : 100.0,
    "meanResTime" : 150.97333333333336,
    "medianResTime" : 141.0,
    "minResTime" : 127.0,
    "maxResTime" : 765.0,
    "pct1ResTime" : 157.0,
    "pct2ResTime" : 168.89999999999998,